May Nothing Evil Cross This Door ,Celebration of Life,1,16,,,
Down the Ages We Have Trod ,Celebration of Life,2,17,,,
The World Stands Out on Either Side ,Celebration of Life,3,18,,,
I Brought My Spirit to the Sea ,Celebration of Life,4,19,,,
It is Something to Have Wept ,Celebration of Life,5,20,,,
Just as Long as I Have Breath ,Celebration of Life,6,21,,,
The Leaf Unfurling ,Celebration of Life,7,22,,,
"Mother Spirit, Father Spirit ",Celebration of Life,8,23,,,
No Longer Forward nor Behind ,Celebration of Life,9,24,,,
Immortal Love ,Celebration of Life,10,25,,,
O God of Stars and Sunlight ,Celebration of Life,11,26,,,
O Life that Maketh All Things New ,Celebration of Life,12,27,,,
Songs of Spirit ,Celebration of Life,13,28,,,
The Sun at High Noon ,Celebration of Life,14,29,,,
"The Lone, Wild Bird ",Celebration of Life,15,30,,,
'Tis a Gift to Be Simple ,Celebration of Life,16,31,,,
Every Night and Every Morn ,Celebration of Life,17,32,,,
What Wondrous Love ,Celebration of Life,18,33,34,,
The Sun That Shines ,Celebration of Life,19,35,,,
Be Thou My Vision ,Celebration of Life,20,36,,,
For the Beauty of the Earth ,Praise and Transcendence,21,37,,,
Dear Weaver of Our Lives' Design ,Praise and Transcendence,22,38,,,
Bring Many Names ,Praise and Transcendence,23,39,40,,
Far Rolling Voices ,Praise and Transcendence,24,41,42,,
"God of the Earth, the Sky, the Sea ",Praise and Transcendence,25,43,,,
"Holy, Holy, Holy ",Praise and Transcendence,26,44,,,
I Am That Great and Fiery Force ,Praise and Transcendence,27,45,,,
View the Starry Realm ,Praise and Transcendence,28,46,,,
"Joyful, Joyful, We Adore Thee ",Praise and Transcendence,29,47,,,
Over My Head / Music in the Air ,Praise and Transcendence,30,48,,,
Name Unnamed ,Praise and Transcendence,31,49,50,,
Now Thank We All Our God ,Praise and Transcendence,32,51,,,
Sovereign and Transforming Grace ,Praise and Transcendence,33,52,,,
Though I May Speak With Bravest Fire ,Praise and Transcendence,34,53,,,
"Into Thy Temple, Lord, We Come ",Praise and Transcendence,35,54,,,
When in Our Music ,Praise and Transcendence,36,55,,,
God Who Fills the Universe ,Praise and Transcendence,37,56,,,
Morning has Broken ,Morning,38,57,,,
"Bring O Morn, Thy Music ",Morning,39,58,,,
Morning Hangs a Signal ,Morning,40,59,60,,
You That Have Spent the Silent Night ,Morning,41,61,,,
"Morning, So Fair to See ",Morning,42,62,,,
"The Morning, Noiseless ",Morning,43,63,,,
We Sing of Golden Mornings ,Morning,44,64,,,
Now While the Day in Trailing Splendor ,Morning,45,65,,,
Now the Day is Over ,Evening,46,66,,,
Now on Land and Sea Descending ,Evening,47,67,68,,
"Again, As Evening's Shadow Falls ",Evening,48,69,,,
Stillness Reigns ,Evening,49,70,,,
When Darkness Nears ,Evening,50,71,72,,
Lady of the Seasons' Laughter ,The Seasons,51,73,74,,
In Sweet Fields of Autumn ,Autumn,52,75,,,
I Walk the Unfrequented Road ,Autumn,53,76,,,
Now Light is Less ,Autumn,54,77,78,,
Dark of Winter ,Winter,55,79,,,
Bells in the High Tower ,Winter,56,80,,,
All Beautiful the March of Days ,Winter,57,81,82,,
"Ring Out, Wild Bells ",Winter,58,83,,,
"Almond Trees, Renewed in Bloom ",Winter,59,84,,,
In Time of Silver Rain ,Spring,60,85,86,,
"Lo, the Earth Awakens Again ",Spring,61,87,,,
When the Daffodils Arrive ,Spring,62,88,,,
Spring Has Now Unwrapped the Flowers ,Spring,63,89,,,
Oh Give Us Pleasure in the Flowers Today ,Spring,64,90,,,
The Sweet June Days ,Summer,65,91,92,,
When the Summer Sun Is Shining ,Summer,66,93,94,,
We Sing Now Together ,Harvest and Thanksgiving,67,95,,,
"Come, Ye Thankful People ",Harvest and Thanksgiving,68,96,,,
Give Thanks ,Harvest and Thanksgiving,69,97,,,
Heap High the Farmer's Wintry Hoard ,Harvest and Thanksgiving,70,98,,,
In the Sprint With Plow and Harrow ,Harvest and Thanksgiving,71,99,,,
"Has Summer Come Now, Dawning ",Solstice and Equinox,72,100,,,
Chant for the Seasons ,Solstice and Equinox,73,101,102,,
On the Dusty Earth Drum ,The World of Nature,74,103,,,
The Harp at Nature's Advent ,The World of Nature,75,104,,,
For Flowers That Bloom about Our Feet ,The World of Nature,76,105,,,
Seek Not Afar for Beauty ,The World of Nature,77,106,,,
Color and Fragrance ,The World of Nature,78,107,108,,
No Number Tallies Nature Up ,The World of Nature,79,109,,,
Wild Waves of Storm ,The World of Nature,80,110,,,
The Wordless Mountains Bravely Still ,The World of Nature,81,111,112,,
This Land of Bursting Sunrise ,The World of Nature,82,113,,,
Winds Be Still ,Meditation and Mystical Songs,83,114,,,
How Far Can Reach a Smile? ,Meditation and Mystical Songs,84,115,,,
Although This Life is But a Wraith ,Meditation and Mystical Songs,85,116,,,
Blessed Spirit of My Life ,Meditation and Mystical,86,117,118,,
"Nearer, My God, to Thee ",Meditation and Mystical Songs,87,119,,,
Calm Soul of All Things ,Meditation and Mystical Songs,88,120,,,
"Come, My Way, My Truth, My Life ",Meditation and Mystical Songs,89,121,,,
From All the Fret and Fever of the Day ,Meditation and,90,122,,,
Mother of All ,Meditation and Mystical Songs,91,123,,,
"Mysterious Presence, Source of All ",Meditation and Mystical Songs,92,124,,,
"To Mercy, Pity, Peace, and Love ",Meditation and Mystical Songs,93,125,,,
What is This Life ,Meditation and Mystical Songs,94,126,,,
There is More Love Somewhere ,Transience,95,127,,,
I Cannot Think of Them as Dead ,Transience,96,128,,,
Sometimes I feel Like a Motherless Child ,Transience,97,129,,,
Loveliest of Trees ,Transience,98,130,,,
Nobody Knows the Trouble I've Seen ,Transience,99,131,,,
I've Got Peace Like a River ,Transience,100,132,,,
Abide With Me ,Transience,101,133,,,
We the Heirs of Many Ages ,Exemplars and Pioneers,102,134,,,
For All the Saints ,Exemplars and Pioneers,103,135,136,,
When Israel Was in Egypt's Land ,Exemplars and Pioneers,104,137,138,,
From Age to Age ,Exemplars and Pioneers,105,139,140,,
Who Would TRUE Valor See ,Exemplars and Pioneers,106,141,,,
Now Sing We of the Brave of Old ,Exemplars and Pioneers,107,142,,,
My Life Flows on in Endless Song ,Commitment/Action,108,143,144,,
"As We Come Marching, Marching ",Commitment/Action,109,145,146,,
"Come, Children of Tomorrow ",Commitment/Action,110,147,,,
Life of Ages ,Commitment/Action,111,148,,,
Do You Hear? ,Commitment/Action,112,149,,,
Where is Our Holy Church? ,Commitment/Action,113,150,,,
Forward Through the Ages ,Commitment/Action,114,151,152,,
God of Grace and God of Glory ,Commitment/Action,115,153,154,,
I'm On My Way ,Commitment/Action,116,155,156,,
O Light of Life ,Commitment/Action,117,157,,,
This Little Light of Mine ,Commitment/Action,118,158,,,
Once to Every Soul and Nation ,Commitment/Action,119,159,160,,
Turn Back ,Commitment/Action,120,161,162,,
We'll Build a Land ,Commitment/Action,121,163,164,,
Sound Over All Waters ,Love and Compassion,122,165,,,
Spirit of Life ,Love and Compassion,123,166,,,
Be That Guide ,Love and Compassion,124,167,,,
From the Crush of Wealth and Power ,Love and Compassion,125,168,,,
"Come, Thou Fount of Every Blessing ",Love and Compassion,126,169,,,
Can I See Another's Woe? ,Love and Compassion,127,170,,,
For All That is Our Life ,Love and Compassion,128,171,172,,
Let Love Continue Long ,Love and Compassion,129,173,,,
O Liberating Rose ,Love and Compassion,130,174,,,
Love Will Guide Us ,Love and Compassion,131,175,,,
Bright Those Jewels ,Love and Compassion,132,176,177,,
One World ,Love and Compassion,133,178,,,
Our World is One World ,Love and Compassion,134,179,,,
How Happy Are They ,Love and Compassion,135,180,,,
Where Gentle Tides Go Rolling By ,Love and Compassion,136,181,182,,
We Utter Our Cry ,Love and Compassion,137,183,,,
These Things Shall Be ,In Time to Come,138,184,,,
Wonders Still the World Shall Witness ,In Time to Come,139,185,186,,
Hail the Glorious Golden City ,In Time to Come,140,187,188,,
I've Got a New Name ,In Time to Come,141,189,,,
Let There be Light ,In Time to Come,142,190,,,
Not in Vain the Distance Beacons ,In Time to Come,143,191,192,,
Now Is the Time Approaching ,In Time to Come,144,193,,,
As Tranquil Streams ,In Time to Come,145,194,,,
Soon the Day Will Arrive ,In Time to Come,146,195,196,,
When All the Peoples on This Earth ,Kwanzaa,147,197,,,
Let Freedom Span Both East and West ,Freedom,148,198,,,
Lift Every Voice and Sing ,Freedom,149,199,200,,
All Whose Boast It Is ,Freedom,150,201,,,
I Wish I Knew How ,Freedom,151,202,203,204,
Follow the Drinking Gourd ,Freedom,152,205,206,,
"Oh, I Woke Up This Morning ",Freedom,153,207,,,
No More Auction Block for Me ,Freedom,154,208,,,
Circle Round for Freedom ,Freedom,155,209,210,,
"Oh, Freedom ",Freedom,156,211,,,
Step By Step the Longest March ,Labor and Learning,157,212,,,
Praise the Source of Faith and Learning ,Labor and Learning,158,213,214,,
This is My Song ,Labor and Learning,159,215,,,
"Far Too Long, by Fear Divided ",Labor and Learning,160,216,,,
Peace! The Perfect Word ,Labor and Learning,161,217,,,
Gonna Lay Down My Sword and Shield ,Labor and Learning,162,218,219,220,
For the Earth Forever Turning ,Labor and Learning,163,221,222,,
The Peace Not Past Our Understanding ,Labor and Learning,164,223,,,
When Windows That Are Black and Cold ,Labor and Learning,165,224,,,
Years Are Coming ,Labor and Learning,166,225,,,
Nothing But Peace is Enough ,Labor and Learning,167,226,,,
One More Step ,Labor and Learning,168,227,,,
We Shall Overcome ,Justice,169,228,,,
"We Are a Gentle, Angry People ",Justice,170,229,230,,
N'kosi Sikelel' l'Afrika ,Justice,171,231,,,
Siph' Amandla ,Justice,172,232,,,
In the Branches of the Forest ,Stewardship of the Earth,173,233,234,,
"O Earth, You Are Surpassing Fair ",Stewardship of the Earth,174,235,236,,
We Celebrate the Web of Life ,Stewardship of the Earth,175,237,,,
Daya Kar Daan Bhakli Ka ,Music of The Cultures of the World,176,238,,,
Sakura ,Music of The Cultures of the World,177,239,240,,
Raghupati ,Music of The Cultures of the World,178,241,242,,
Words That We Hold Tight ,Music of The Cultures of the World,179,243,,,
Alhamdulillah ,Music of The Cultures of the World,180,244,,,
No Matter If You Live Now Far or Near ,Words from Sacred Traditions,181,245,,,
"O, the Beauty in a Life ",Words from Sacred Traditions,182,246,,,
The Wind of Change Forever Blown ,Words from Sacred Traditions,183,247,,,
Be Ye Lamps Unto Yourselves ,Words from Sacred Traditions,184,248,,,
"Your Mercy, Oh Eternal One ",Words from Sacred Traditions,185,249,,,
Grieve Not Your Heart ,Words from Sacred Traditions,186,250,,,
It Sounds Along the Ages ,Our Common Ground,187,251,,,
"Come, Come, Whoever You Are ",Our Common Ground,188,252,,,
Light of Ages and of Nations ,Our Common Ground,189,253,254,,
Light of Ages and of Nations ,Our Common Ground,190,255,256,,
Now I Recall My Childhood ,Our Common Ground,191,257,258,,
"Nay, Do Not Grieve ",Our Common Ground,192,259,,,
Our Faith is But a Single Gem ,The Interdependent Web,193,260,261,,
Faith is a Forest ,The Interdependent Web,194,262,,,
Let Us Wander Where We Will ,The Interdependent Web,195,263,,,
Singer of Life ,The Interdependent Web,196,264,,,
There Are Numerous Strings ,The Interdependent Web,197,265,266,,
God of Many Names ,Worship,198,267,268,,
"Precious Lord, Take My Hand ",Worship,199,269,270,,
A Mighty Fortress ,Worship,200,271,,,
"Glory, Glory, Hallelujah ",Worship,201,272,,,
Come Sunday ,Worship,202,273,274,,
All Creatures of the Earth and Sky ,Worship,203,275,276,,
"Come, O Sabbath Day ",Worship,204,277,,,
Amazing Grace! ,Worship,205,278,,,
Amazing Grace! ,Worship,206,279,280,,
Earth Was Given as a Garden ,Worship,207,281,282,,
Every Time I Feel the Spirit ,Worship,208,283,284,,
"O come, You Longing Thirsty Souls ",Worship,209,285,286,,
Wade in the Water ,Worship,210,287,288,,
We Are Climbing Jacob's Ladder ,Worship,211,289,,,
We are Dancing Sarah's Circle ,Worship,212,290,,,
There is a Wideness in Your Mercy ,Worship,213,291,,,
Shabbal Shalom ,The Jewish Spirit,214,292,,,
Praise to the Living God ,The Jewish Spirit,215,293,,,
Hashiveinu ,The Jewish Spirit,216,294,,,
O Sing Hallelujah ,Days of Awe,217,295,296,,
Who Can Say ,Days of Awe,218,297,,,
"O Hear, My People ",Days of Awe,219,298,,,
Bring Out the Festal Bread ,Pesach / Passover,220,299,300,,
Light One Candle ,Hanukkah,221,301,302,303,304
Mi Y'Malel ,Hanukkah,222,305,306,,
"Rock of Ages, Let Our Song ",Hanukkah,223,307,,,
Let Christmas Come ,Advent,224,308,,,
"O Come, O Come, Emmanuel ",Advent,225,309,310,,
"People, Look East ",Advent,226,311,,,
Cr√®che Flickers Bright Here ,Christmas,227,312,,,
Once in Royal David's City ,Christmas,228,313,,,
Gather 'Round the Manger ,Christmas,229,314,,,
"Duermete, Nono Lindo ",Christmas,230,315,316,,
Angels We Have Heard on High ,Christmas,231,317,,,
The Hills Are Bare at Bethlehem ,Christmas,232,318,,,
"Bring a Torch, Jeannette, Isabella ",Christmas,233,319,,,
In the Gentle of the Moon ,Christmas,234,320,,,
Deck the Halls with Boughs of Holly ,Christmas,235,321,,,
O Thou Joyful Day ,Christmas,236,322,,,
The First Nowell ,Christmas,237,323,,,
Within the Shining of a Star ,Christmas,238,324,,,
Go Tell It on the Mountain ,Christmas,239,325,326,,
I Heard the Bells on Christmas Day ,Christmas,240,327,,,
In the Bleak Midwinter ,Christmas,241,328,,,
In the Lonely Midnight ,Christmas,242,329,,,
"Jesus, Our Brother ",Christmas,243,330,,,
It Came Upon the Midnight Clear ,Christmas,244,331,332,,
Joy to the World! ,Christmas,245,333,334,,
O Little Town of Bethlehem ,Christmas,246,335,336,,
O Little Town of Bethlehem ,Christmas,247,337,338,,
O We Believe in Christmas ,Christmas,248,339,340,,
On This Day Everywhere ,Christmas,249,341,342,,
Purer Than Purest ,Christmas,250,343,344,,
"Silent Night, Holy Night ",Christmas,251,345,,,
Stille Nacht ,Christmas,252,346,,,
"O Come, All Ye Faithful ",Christmas,253,347,,,
Sing We Now of Christmas ,Christmas,254,348,,,
There's a Star in the East ,Christmas,255,349,350,,
Winter Night ,Christmas,256,351,352,,
'Twas in the Moon of Wintertime ,Christmas,257,353,,,
"Whence, O Shepherd Maiden? ",Christmas,258,354,,,
We Three Kings of Orient Are ,Epiphany,259,355,,,
"Oshana, Shira Oshana ",Palm Sunday,260,356,,,
When Jesus Wept ,Palm Sunday,261,357,,,
Hosanna in the Highest ,Palm Sunday,262,358,,,
When Jesus Looked from Olivet ,Palm Sunday,263,359,,,
Now in the Tomb Is Laid ,Good Friday,264,360,,,
"O Sacred Head, Now Wounded ",Good Friday,265,361,362,,
Now the Green Blade Riseth ,Easter,266,363,,,
When Mary Through the Garden Went ,Easter,267,364,,,
Jesus Christ is Risen Today ,Easter,268,365,366,,
"Lo, the Day of Days Is Here ",Easter,269,367,,,
O Day of Light and Gladness ,Easter,270,368,,,
"Come Down, O Love Divine ",Pentecost,271,369,,,
O Prophet Souls of All the Years ,Pentecost,272,370,,,
"Immortal, Invisible ",The Christian Spirit,273,371,,,
Dear Mother - Father of Us All ,The Christian Spirit,274,372,,,
Joyful is the Dark ,The Christian Spirit,275,373,374,,
O Young and Fearless Prophet ,The Christian Spirit,276,375,,,
When We Wend Homeward ,Psalms,277,376,,,
"Praise Be to God, the Almighty ",Psalms,278,377,,,
By the Waters of Babylon ,Psalms,279,378,,,
Helejuhu ,Psalms,280,379,,,
"O God, Our Help in Ages Past ",Psalms,281,380,,,
Let the Whole Creation Cry ,Psalms,282,381,382,,
The Spacious Firmament on High ,Psalms,283,383,384,,
"Praise, O My Heart, to You ",Psalms,284,385,386,,
"We Worship Thee, God ",Psalms,285,387,,,
A Core of Silence ,The Life of Integrity,286,388,,,
Faith of the Larger Liberty ,The Life of Integrity,287,389,390,,
All Are Architects ,The Life of Integrity,288,391,,,
"Creative Love, Our Thanks We Give ",The Life of Integrity,289,392,,,
"Bring, O Past, Your Honor ",The Life of Integrity,290,393,394,,
Die Gedanken Sind Frei ,The Life of Integrity,291,395,,,
If I Can Stop One Heart from Breaking ,The Life of Integrity,292,396,,,
O Star of Truth ,The Life of Integrity,293,397,,,
Our Praise We Give ,The Life of Integrity,294,398,,,
Sing Out Praises for the Journey ,The Life of Integrity,295,399,,,
O Ye Who Taste That Love Is Sweet ,The Life of Integrity,296,400,,,
The Star of Truth ,The Life of Integrity,297,401,402,,
"Wake, Now, My Senses ",The Life of Integrity,298,403,,,
Make Channels for the Streams of Love ,The Life of Integrity,299,404,,,
With Heart and Mind ,The Life of Integrity,300,405,406,,
"Touch the Earth, Reach the Sky! ",The Life of Integrity,301,407,,,
Children of the Human Race ,Humanity: Women and Men,302,408,,,
We Are the Earth Upright and Proud ,Humanity: Women and Men,303,409,410,,
A Fierce Unrest ,Humanity: Women and Men,304,411,,,
De Colores ,Humanity: Women and Men,305,412,413,414,
"Sing of Living, Sing of Dying ",Humanity: Women and Men,306,415,,,
The Human Touch Can Light the Flame ,Humanity: Women and Men,307,416,,,
The Blessings of the Earth and Sky ,Humanity: Women and Men,308,417,418,,
Earth is Our Homeland ,Humanity: Women and Men,309,419,420,,
The Earth is Home ,Humanity: Women and Men,310,421,422,,
Let It Be a Dance ,Humanity: Women and Men,311,423,424,425,426
Here on the Paths of Every Day ,Humanity: Women and Men,312,427,,,
O What a Piece of Work Are We ,Humanity: Women and Men,313,428,,,
We are Children of the Earth ,Humanity: Women and Men,314,429,,,
This Old World ,Humanity: Women and Men,315,430,,,
Tradition Held Fast ,Humanity: Women and Men,316,431,432,,
We Are Not Our Own ,Humanity: Women and Men,317,433,434,,
We Would Be One ,Humanity: Women and Men,318,435,436,,
Ye Earthborn Children of a Star ,Humanity: Women and Men,319,437,,,
The Pen is Greater ,Humanity: Women and Men,320,438,,,
Here In the Flesh ,Humanity: Women and Men,321,439,440,,
Thanks Be for These ,Humanity: Women and Men,322,441,,,
Break Not the Circle ,Humanity: Women and Men,323,442,,,
Where My Free Spirit Onward Leads ,Humanity: Women and Men,324,443,444,,
Love Makes a Bridge ,Humanity: Women and Men,325,445,,,
Let All the Beauty We Have Known ,"Beauty, Truth, and Goodness",326,446,,,
"Joy, Thou Goddess ","Beauty, Truth, and Goodness",327,447,448,,
I Sought the Wood in Summer ,"Beauty, Truth, and Goodness",328,449,450,,
Life Has Loveliness to Sell ,"Beauty, Truth, and Goodness",329,451,452,,
The Arching Sky of Morning Glows ,"Beauty, Truth, and Goodness",330,453,,,
Life is the Greatest Gift of All ,"Beauty, Truth, and Goodness",331,454,,,
Perfect Singer ,"Beauty, Truth, and Goodness",332,455,,,
Alone She Cuts and Binds the Grain ,Insight and Wisdom,333,456,,,
When Shall We Learn ,Insight and Wisdom,334,457,,,
Once When My Heart Was Passion Free ,Insight and Wisdom,335,458,,,
All My Memories of Love ,Insight and Wisdom,336,459,460,,
Have I Not Known ,Insight and Wisdom,337,461,462,463,
I Seek the Spirit of a Child ,Insight and Wisdom,338,464,,,
"Knowledge, They Say ",Insight and Wisdom,339,465,,,
Though Gathered Here to Celebrate ,Insight and Wisdom,340,466,,,
"O World, Thou Choosest Not the Better Part ",Insight and Wisdom,341,467,468,,
"O Slowly, Slowly, They Return ",Insight and Wisdom,342,469,,,
A Firemist and a Planet ,Insight and Wisdom,343,470,,,
A Promise Through the Ages Rings ,Hope,344,471,,,
With Joy We Claim the Growing Light ,Hope,345,472,,,
"Come, Sing a Song With Me ",Hope,346,473,,,
Gather the Spirit ,Hope,347,474,475,476,
Guide My Feet ,Hope,348,477,,,
We Gather Together ,Hope,349,478,,,
The Ceaseless Flow of Endless Time ,Here and Now,350,479,,,
"A Long, Long Way the Sea-Winds Blow ",Here and Now,351,480,,,
Find a Stillness ,Here and Now,352,481,,,
Golden Breaks the Dawn ,Here and Now,353,482,,,
"We Laugh, We Cry ",Here and Now,354,483,484,485,
We Lift Our Hearts in Thanks ,Here and Now,355,486,,,
Will You Seek in Far-Off Places? ,Here and Now,356,487,,,
Bright Morning Stars ,Here and Now,357,488,,,
Rank by Rank Again We Stand ,Entrance Songs,358,489,490,,
When We are Gathered ,Entrance Songs,359,491,492,,
Here We Have Gathered ,Entrance Songs,360,493,494,,
"Enter, Rejoice, and Come In ",Entrance Songs,361,495,,,
"Rise Up, O Flame ",Chalice Lightings,362,496,,,
Alleluia! Sang Stars ,Praise Songs and Doxologies,363,497,,,
"Alleluia, Alleluia ",Praise Songs and Doxologies,364,498,,,
Praise God ,Praise Songs and Doxologies,365,499,,,
Heleluyan ,Praise Songs and Doxologies,366,500,,,
"Allelu, Allelu ",Praise Songs and Doxologies,367,501,,,
Now Let Us Sing ,Praise Songs and Doxologies,368,502,,,
This is the Truth That Passes Understanding ,Praise Songs and Doxologies,369,503,504,,
All People That on Earth Do Dwell ,Praise Songs and Doxologies,370,505,,,
long meter tune for lyrics 374-382 ,"Responses, Rounds and Chants",371,506,,,
long meter tune for lyrics 374-382 ,"Responses, Rounds and Chants",372,506,,,
long meter tune for lyrics 374-382 ,"Responses, Rounds and Chants",373,507,,,
lyrics for interchangeable use with 373-373 ,"Responses, Rounds and Chants",374,507,,,
lyrics for interchangeable use with 373-373 ,"Responses, Rounds and Chants",375,507,,,
lyrics for interchangeable use with 373-373 ,"Responses, Rounds and Chants",376,507,,,
lyrics for interchangeable use with 373-373 ,"Responses, Rounds and Chants",377,507,,,
lyrics for interchangeable use with 373-373 ,"Responses, Rounds and Chants",378,507,,,
lyrics for interchangeable use with 373-373 ,"Responses, Rounds and Chants",379,507,,,
lyrics for interchangeable use with 373-373 ,"Responses, Rounds and Chants",380,508,,,
lyrics for interchangeable use with 373-373 ,"Responses, Rounds and Chants",381,508,,,
lyrics for interchangeable use with 373-373 ,"Responses, Rounds and Chants",382,508,,,
"Alleluia, Amen ","Responses, Rounds and Chants",383,508,,,
Alleluia ,"Responses, Rounds and Chants",384,509,,,
Gloria ,"Responses, Rounds and Chants",385,509,,,
Alleluia Chaconne ,"Responses, Rounds and Chants",386,510,,,
"The Earth, Water, Fire, Air ","Responses, Rounds and Chants",387,510,,,
Dona Nobis Pacem ,"Responses, Rounds and Chants",388,511,,,
Gathered Here ,"Responses, Rounds and Chants",389,511,,,
Gaudeamus Hodie ,"Responses, Rounds and Chants",390,512,,,
Voice Still and Small ,"Responses, Rounds and Chants",391,513,,,
Hineh Mah Tov ,"Responses, Rounds and Chants",392,514,,,
Jubilate Deo ,"Responses, Rounds and Chants",393,514,,,
Have Nashirah ,"Responses, Rounds and Chants",394,515,,,
Sing and Rejoice ,"Responses, Rounds and Chants",395,515,,,
I Know This Rose Will Open ,"Responses, Rounds and Chants",396,516,,,
Morning Has Come ,"Responses, Rounds and Chants",397,516,,,
To See the World ,"Responses, Rounds and Chants",398,517,,,
Vine and Fig Tree ,"Responses, Rounds and Chants",399,518,,,
Shalom Havayreem ,"Responses, Rounds and Chants",400,518,,,
Kum ba Yah ,"Responses, Rounds and Chants",401,519,,,
From You I Receive ,Offertories and Ascriptions,402,520,,,
"Spirit of Truth, of Life, of Power ",Offertories and Ascriptions,403,520,,,
What Gift Can We Bring ,Offertories and Ascriptions,404,521,,,
This Do In Memory of Me ,Communion,405,522,,,
Let Us Break Bread Together ,Communion,406,523,,,
We're Gonna Sit at the Welcome Table ,Communion,407,524,525,,
Wonder of Wonders ,"Namings, Dedications and Christenings",408,526,527,,
Sleep My Child ,"Namings, Dedications and Christenings",409,528,529,,
Surprised by Joy ,Weddings and Services of Union,410,530,,,
Part in Peace ,Memorials and Funerals,411,531,,,
Let Hope and Sorrow Now Unite ,Memorials and Funerals,412,532,,,
Go Now in Peace ,Recessionals,413,533,,,
As We Leave This Friendly Place ,Recessionals,414,534,,,
Hevenu Sahlom Aleychem ,Recessionals,415,534,,,
